ian.fo, Ian
neel.s, Neel
ali.ri, Squire Ali
yasser.s, Ser Yasser
amit.mi, Mitra Bhai
anant.s, Anant
parth.j, Parth
sahil.mu, Sahil
sarfaraz.a, Sarfaraz
vipresh.j, Vipresh
sanjay.a, Sanjay
abhinav.sh, Abhinav
sayali.d, Sayali
majid.k, Majid Bhai
vaibhav.tr, Chota Vaibhav
